Деталь;Номинал;Корпус;Вывод;Цепь;Соединён с
"BZ1";"";"Зуммер Ø12";"1 (+)";"5V";"C1.1 (+), J4.1 (VS), J5.1 (VCC), J6.1 (VCC), M5.1 (+Vo), U1.15 (VIN)"
"BZ1";"";"Зуммер Ø12";"2 (-)";"BZ_C";"Q1.3"
"C1";"470µ";"Электролит Ø8";"1 (+)";"5V";"BZ1.1 (+), J4.1 (VS), J5.1 (VCC), J6.1 (VCC), M5.1 (+Vo), U1.15 (VIN)"
"C1";"470µ";"Электролит Ø8";"2 (-)";"GND";"C2.2, C3.2 (-), J1.2 (GND), J2.2 (GND), J3.2 (GND), J4.2 (GND), J5.2 (GND), J6.2 (GND), J7.2 (GND), J8.2 (GND), J9.7 (GND), J10.2 (−), M1.2 (GND), M1.5 (ADDR), M2.6 (GND), M3.1 (GND), M4.1 (GND), M5.2 (-Vo), M6.2 (-Vo), Q1.1, R6.2, R8.2, R10.2, U1.14 (GND), U1.17 (GND), U2.2, U3.2"
"C2";"100n";"Диск Ø6, 5";"1";"BTN";"R15.2, R16.1, R17.1, R18.1, R19.1, R20.1, R21.1, U1.5 (D35)"
"C2";"100n";"Диск Ø6, 5";"2";"GND";"C1.2 (-), C3.2 (-), J1.2 (GND), J2.2 (GND), J3.2 (GND), J4.2 (GND), J5.2 (GND), J6.2 (GND), J7.2 (GND), J8.2 (GND), J9.7 (GND), J10.2 (−), M1.2 (GND), M1.5 (ADDR), M2.6 (GND), M3.1 (GND), M4.1 (GND), M5.2 (-Vo), M6.2 (-Vo), Q1.1, R6.2, R8.2, R10.2, U1.14 (GND), U1.17 (GND), U2.2, U3.2"
"C3";"470µ";"Электролит Ø8";"1 (+)";"5VD";"J8.1 (+5V), M6.1 (+Vo)"
"C3";"470µ";"Электролит Ø8";"2 (-)";"GND";"C1.2 (-), C2.2, J1.2 (GND), J2.2 (GND), J3.2 (GND), J4.2 (GND), J5.2 (GND), J6.2 (GND), J7.2 (GND), J8.2 (GND), J9.7 (GND), J10.2 (−), M1.2 (GND), M1.5 (ADDR), M2.6 (GND), M3.1 (GND), M4.1 (GND), M5.2 (-Vo), M6.2 (-Vo), Q1.1, R6.2, R8.2, R10.2, U1.14 (GND), U1.17 (GND), U2.2, U3.2"
"F1";"0,5А";"Держатель 5×20";"1";"AC_L";"F2.1, J13.1"
"F1";"0,5А";"Держатель 5×20";"2";"AC_L1";"M5.3 (AC), RV1.1"
"F2";"0,5А";"Держатель 5×20";"1";"AC_L";"F1.1, J13.1"
"F2";"0,5А";"Держатель 5×20";"2";"AC_L2";"M6.3 (AC), RV2.1"
"J1";"Диммер";"Диммер";"1 (VCC)";"3V3";"J2.1 (VDD), J3.1 (VDD), J7.1 (VCC), M1.1 (VDD), M2.5 (VCC), M3.2 (VCC), M4.2 (VCC), R11.1, R12.1, R13.1, R14.1, R15.1, U1.16 (3V3)"
"J1";"Диммер";"Диммер";"2 (GND)";"GND";"C1.2 (-), C2.2, C3.2 (-), J2.2 (GND), J3.2 (GND), J4.2 (GND), J5.2 (GND), J6.2 (GND), J7.2 (GND), J8.2 (GND), J9.7 (GND), J10.2 (−), M1.2 (GND), M1.5 (ADDR), M2.6 (GND), M3.1 (GND), M4.1 (GND), M5.2 (-Vo), M6.2 (-Vo), Q1.1, R6.2, R8.2, R10.2, U1.14 (GND), U1.17 (GND), U2.2, U3.2"
"J1";"Диммер";"Диммер";"3 (ZC)";"ZC";"U1.20 (D4)"
"J1";"Диммер";"Диммер";"4 (CH1)";"";""
"J1";"Диммер";"Диммер";"5 (CH2)";"";""
"J1";"Диммер";"Диммер";"6 (CH3)";"V1";"U1.10 (D27)"
"J1";"Диммер";"Диммер";"7 (CH4)";"V2";"U1.11 (D14)"
"J2";"SDP 500";"SDP 500";"1 (VDD)";"3V3";"J1.1 (VCC), J3.1 (VDD), J7.1 (VCC), M1.1 (VDD), M2.5 (VCC), M3.2 (VCC), M4.2 (VCC), R11.1, R12.1, R13.1, R14.1, R15.1, U1.16 (3V3)"
"J2";"SDP 500";"SDP 500";"2 (GND)";"GND";"C1.2 (-), C2.2, C3.2 (-), J1.2 (GND), J3.2 (GND), J4.2 (GND), J5.2 (GND), J6.2 (GND), J7.2 (GND), J8.2 (GND), J9.7 (GND), J10.2 (−), M1.2 (GND), M1.5 (ADDR), M2.6 (GND), M3.1 (GND), M4.1 (GND), M5.2 (-Vo), M6.2 (-Vo), Q1.1, R6.2, R8.2, R10.2, U1.14 (GND), U1.17 (GND), U2.2, U3.2"
"J2";"SDP 500";"SDP 500";"3 (SCL)";"SCL1";"M1.3 (SCL), M2.3 (SCL), R12.2, U1.29 (D22)"
"J2";"SDP 500";"SDP 500";"4 (SDA)";"SDA1";"M1.4 (SDA), M2.4 (SDA), R11.2, U1.26 (D21)"
"J3";"SDP 125";"SDP 125";"1 (VDD)";"3V3";"J1.1 (VCC), J2.1 (VDD), J7.1 (VCC), M1.1 (VDD), M2.5 (VCC), M3.2 (VCC), M4.2 (VCC), R11.1, R12.1, R13.1, R14.1, R15.1, U1.16 (3V3)"
"J3";"SDP 125";"SDP 125";"2 (GND)";"GND";"C1.2 (-), C2.2, C3.2 (-), J1.2 (GND), J2.2 (GND), J4.2 (GND), J5.2 (GND), J6.2 (GND), J7.2 (GND), J8.2 (GND), J9.7 (GND), J10.2 (−), M1.2 (GND), M1.5 (ADDR), M2.6 (GND), M3.1 (GND), M4.1 (GND), M5.2 (-Vo), M6.2 (-Vo), Q1.1, R6.2, R8.2, R10.2, U1.14 (GND), U1.17 (GND), U2.2, U3.2"
"J3";"SDP 125";"SDP 125";"3 (SCL)";"SCL2";"R14.2, U1.6 (D32)"
"J3";"SDP 125";"SDP 125";"4 (SDA)";"SDA2";"R13.2, U1.7 (D33)"
"J4";"MPX";"MPX";"1 (VS)";"5V";"BZ1.1 (+), C1.1 (+), J5.1 (VCC), J6.1 (VCC), M5.1 (+Vo), U1.15 (VIN)"
"J4";"MPX";"MPX";"2 (GND)";"GND";"C1.2 (-), C2.2, C3.2 (-), J1.2 (GND), J2.2 (GND), J3.2 (GND), J5.2 (GND), J6.2 (GND), J7.2 (GND), J8.2 (GND), J9.7 (GND), J10.2 (−), M1.2 (GND), M1.5 (ADDR), M2.6 (GND), M3.1 (GND), M4.1 (GND), M5.2 (-Vo), M6.2 (-Vo), Q1.1, R6.2, R8.2, R10.2, U1.14 (GND), U1.17 (GND), U2.2, U3.2"
"J4";"MPX";"MPX";"3 (VOUT)";"MPX";"R9.1"
"J5";"ACS Т1";"ACS Т1";"1 (VCC)";"5V";"BZ1.1 (+), C1.1 (+), J4.1 (VS), J6.1 (VCC), M5.1 (+Vo), U1.15 (VIN)"
"J5";"ACS Т1";"ACS Т1";"2 (GND)";"GND";"C1.2 (-), C2.2, C3.2 (-), J1.2 (GND), J2.2 (GND), J3.2 (GND), J4.2 (GND), J6.2 (GND), J7.2 (GND), J8.2 (GND), J9.7 (GND), J10.2 (−), M1.2 (GND), M1.5 (ADDR), M2.6 (GND), M3.1 (GND), M4.1 (GND), M5.2 (-Vo), M6.2 (-Vo), Q1.1, R6.2, R8.2, R10.2, U1.14 (GND), U1.17 (GND), U2.2, U3.2"
"J5";"ACS Т1";"ACS Т1";"3 (OUT)";"ACS1";"R5.1"
"J6";"ACS Т2";"ACS Т2";"1 (VCC)";"5V";"BZ1.1 (+), C1.1 (+), J4.1 (VS), J5.1 (VCC), M5.1 (+Vo), U1.15 (VIN)"
"J6";"ACS Т2";"ACS Т2";"2 (GND)";"GND";"C1.2 (-), C2.2, C3.2 (-), J1.2 (GND), J2.2 (GND), J3.2 (GND), J4.2 (GND), J5.2 (GND), J7.2 (GND), J8.2 (GND), J9.7 (GND), J10.2 (−), M1.2 (GND), M1.5 (ADDR), M2.6 (GND), M3.1 (GND), M4.1 (GND), M5.2 (-Vo), M6.2 (-Vo), Q1.1, R6.2, R8.2, R10.2, U1.14 (GND), U1.17 (GND), U2.2, U3.2"
"J6";"ACS Т2";"ACS Т2";"3 (OUT)";"ACS2";"R7.1"
"J7";"Ток роз.";"Ток роз.";"1 (VCC)";"3V3";"J1.1 (VCC), J2.1 (VDD), J3.1 (VDD), M1.1 (VDD), M2.5 (VCC), M3.2 (VCC), M4.2 (VCC), R11.1, R12.1, R13.1, R14.1, R15.1, U1.16 (3V3)"
"J7";"Ток роз.";"Ток роз.";"2 (GND)";"GND";"C1.2 (-), C2.2, C3.2 (-), J1.2 (GND), J2.2 (GND), J3.2 (GND), J4.2 (GND), J5.2 (GND), J6.2 (GND), J8.2 (GND), J9.7 (GND), J10.2 (−), M1.2 (GND), M1.5 (ADDR), M2.6 (GND), M3.1 (GND), M4.1 (GND), M5.2 (-Vo), M6.2 (-Vo), Q1.1, R6.2, R8.2, R10.2, U1.14 (GND), U1.17 (GND), U2.2, U3.2"
"J7";"Ток роз.";"Ток роз.";"3 (OUT)";"CUR";"U1.4 (D34)"
"J8";"Дисплей";"Дисплей";"1 (+5V)";"5VD";"C3.1 (+), M6.1 (+Vo)"
"J8";"Дисплей";"Дисплей";"2 (GND)";"GND";"C1.2 (-), C2.2, C3.2 (-), J1.2 (GND), J2.2 (GND), J3.2 (GND), J4.2 (GND), J5.2 (GND), J6.2 (GND), J7.2 (GND), J9.7 (GND), J10.2 (−), M1.2 (GND), M1.5 (ADDR), M2.6 (GND), M3.1 (GND), M4.1 (GND), M5.2 (-Vo), M6.2 (-Vo), Q1.1, R6.2, R8.2, R10.2, U1.14 (GND), U1.17 (GND), U2.2, U3.2"
"J8";"Дисплей";"Дисплей";"3 (TX)";"TXD";"U1.22 (TX2)"
"J8";"Дисплей";"Дисплей";"4 (RX)";"RXD";"U1.21 (RX2)"
"J9";"Кнопки";"Кнопки";"1 (K1)";"K1";"R16.2"
"J9";"Кнопки";"Кнопки";"2 (K2)";"K2";"R17.2"
"J9";"Кнопки";"Кнопки";"3 (K3)";"K3";"R18.2"
"J9";"Кнопки";"Кнопки";"4 (K4)";"K4";"R19.2"
"J9";"Кнопки";"Кнопки";"5 (K5)";"K5";"R20.2"
"J9";"Кнопки";"Кнопки";"6 (K6)";"K6";"R21.2"
"J9";"Кнопки";"Кнопки";"7 (GND)";"GND";"C1.2 (-), C2.2, C3.2 (-), J1.2 (GND), J2.2 (GND), J3.2 (GND), J4.2 (GND), J5.2 (GND), J6.2 (GND), J7.2 (GND), J8.2 (GND), J10.2 (−), M1.2 (GND), M1.5 (ADDR), M2.6 (GND), M3.1 (GND), M4.1 (GND), M5.2 (-Vo), M6.2 (-Vo), Q1.1, R6.2, R8.2, R10.2, U1.14 (GND), U1.17 (GND), U2.2, U3.2"
"J10";"SSR";"SSR";"1 (+)";"SSR";"U1.13 (D13)"
"J10";"SSR";"SSR";"2 (−)";"GND";"C1.2 (-), C2.2, C3.2 (-), J1.2 (GND), J2.2 (GND), J3.2 (GND), J4.2 (GND), J5.2 (GND), J6.2 (GND), J7.2 (GND), J8.2 (GND), J9.7 (GND), M1.2 (GND), M1.5 (ADDR), M2.6 (GND), M3.1 (GND), M4.1 (GND), M5.2 (-Vo), M6.2 (-Vo), Q1.1, R6.2, R8.2, R10.2, U1.14 (GND), U1.17 (GND), U2.2, U3.2"
"J11";"BTA Т1";"Клеммник 2, 5,08";"1";"T1_MT2";"R3.2"
"J11";"BTA Т1";"Клеммник 2, 5,08";"2";"T1_G";"U2.4"
"J12";"BTA Т2";"Клеммник 2, 5,08";"1";"T2_MT2";"R4.2"
"J12";"BTA Т2";"Клеммник 2, 5,08";"2";"T2_G";"U3.4"
"J13";"Сеть";"Клеммник 2, 5,08";"1";"AC_L";"F1.1, F2.1"
"J13";"Сеть";"Клеммник 2, 5,08";"2";"AC_N";"M5.4 (AC), M6.4 (AC), RV1.2, RV2.2"
"M1";"ADS1115";"ADS1115";"1 (VDD)";"3V3";"J1.1 (VCC), J2.1 (VDD), J3.1 (VDD), J7.1 (VCC), M2.5 (VCC), M3.2 (VCC), M4.2 (VCC), R11.1, R12.1, R13.1, R14.1, R15.1, U1.16 (3V3)"
"M1";"ADS1115";"ADS1115";"2 (GND)";"GND";"C1.2 (-), C2.2, C3.2 (-), J1.2 (GND), J2.2 (GND), J3.2 (GND), J4.2 (GND), J5.2 (GND), J6.2 (GND), J7.2 (GND), J8.2 (GND), J9.7 (GND), J10.2 (−), M2.6 (GND), M3.1 (GND), M4.1 (GND), M5.2 (-Vo), M6.2 (-Vo), Q1.1, R6.2, R8.2, R10.2, U1.14 (GND), U1.17 (GND), U2.2, U3.2"
"M1";"ADS1115";"ADS1115";"3 (SCL)";"SCL1";"J2.3 (SCL), M2.3 (SCL), R12.2, U1.29 (D22)"
"M1";"ADS1115";"ADS1115";"4 (SDA)";"SDA1";"J2.4 (SDA), M2.4 (SDA), R11.2, U1.26 (D21)"
"M1";"ADS1115";"ADS1115";"5 (ADDR)";"GND";"C1.2 (-), C2.2, C3.2 (-), J1.2 (GND), J2.2 (GND), J3.2 (GND), J4.2 (GND), J5.2 (GND), J6.2 (GND), J7.2 (GND), J8.2 (GND), J9.7 (GND), J10.2 (−), M2.6 (GND), M3.1 (GND), M4.1 (GND), M5.2 (-Vo), M6.2 (-Vo), Q1.1, R6.2, R8.2, R10.2, U1.14 (GND), U1.17 (GND), U2.2, U3.2"
"M1";"ADS1115";"ADS1115";"6 (ALRT)";"";""
"M1";"ADS1115";"ADS1115";"7 (A0)";"MPX_D";"R9.2, R10.1"
"M1";"ADS1115";"ADS1115";"8 (A1)";"";""
"M1";"ADS1115";"ADS1115";"9 (A2)";"";""
"M1";"ADS1115";"ADS1115";"10 (A3)";"";""
"M2";"DS3231";"DS3231";"1 (32K)";"";""
"M2";"DS3231";"DS3231";"2 (SQW)";"";""
"M2";"DS3231";"DS3231";"3 (SCL)";"SCL1";"J2.3 (SCL), M1.3 (SCL), R12.2, U1.29 (D22)"
"M2";"DS3231";"DS3231";"4 (SDA)";"SDA1";"J2.4 (SDA), M1.4 (SDA), R11.2, U1.26 (D21)"
"M2";"DS3231";"DS3231";"5 (VCC)";"3V3";"J1.1 (VCC), J2.1 (VDD), J3.1 (VDD), J7.1 (VCC), M1.1 (VDD), M3.2 (VCC), M4.2 (VCC), R11.1, R12.1, R13.1, R14.1, R15.1, U1.16 (3V3)"
"M2";"DS3231";"DS3231";"6 (GND)";"GND";"C1.2 (-), C2.2, C3.2 (-), J1.2 (GND), J2.2 (GND), J3.2 (GND), J4.2 (GND), J5.2 (GND), J6.2 (GND), J7.2 (GND), J8.2 (GND), J9.7 (GND), J10.2 (−), M1.2 (GND), M1.5 (ADDR), M3.1 (GND), M4.1 (GND), M5.2 (-Vo), M6.2 (-Vo), Q1.1, R6.2, R8.2, R10.2, U1.14 (GND), U1.17 (GND), U2.2, U3.2"
"M3";"MAX Т1";"MAX31855";"1 (GND)";"GND";"C1.2 (-), C2.2, C3.2 (-), J1.2 (GND), J2.2 (GND), J3.2 (GND), J4.2 (GND), J5.2 (GND), J6.2 (GND), J7.2 (GND), J8.2 (GND), J9.7 (GND), J10.2 (−), M1.2 (GND), M1.5 (ADDR), M2.6 (GND), M4.1 (GND), M5.2 (-Vo), M6.2 (-Vo), Q1.1, R6.2, R8.2, R10.2, U1.14 (GND), U1.17 (GND), U2.2, U3.2"
"M3";"MAX Т1";"MAX31855";"2 (VCC)";"3V3";"J1.1 (VCC), J2.1 (VDD), J3.1 (VDD), J7.1 (VCC), M1.1 (VDD), M2.5 (VCC), M4.2 (VCC), R11.1, R12.1, R13.1, R14.1, R15.1, U1.16 (3V3)"
"M3";"MAX Т1";"MAX31855";"3 (SCK)";"SCK";"M4.3 (SCK), U1.24 (D18)"
"M3";"MAX Т1";"MAX31855";"4 (CS)";"CS1";"U1.23 (D5)"
"M3";"MAX Т1";"MAX31855";"5 (SO)";"SO";"M4.5 (SO), U1.25 (D19)"
"M4";"MAX Т2";"MAX31855";"1 (GND)";"GND";"C1.2 (-), C2.2, C3.2 (-), J1.2 (GND), J2.2 (GND), J3.2 (GND), J4.2 (GND), J5.2 (GND), J6.2 (GND), J7.2 (GND), J8.2 (GND), J9.7 (GND), J10.2 (−), M1.2 (GND), M1.5 (ADDR), M2.6 (GND), M3.1 (GND), M5.2 (-Vo), M6.2 (-Vo), Q1.1, R6.2, R8.2, R10.2, U1.14 (GND), U1.17 (GND), U2.2, U3.2"
"M4";"MAX Т2";"MAX31855";"2 (VCC)";"3V3";"J1.1 (VCC), J2.1 (VDD), J3.1 (VDD), J7.1 (VCC), M1.1 (VDD), M2.5 (VCC), M3.2 (VCC), R11.1, R12.1, R13.1, R14.1, R15.1, U1.16 (3V3)"
"M4";"MAX Т2";"MAX31855";"3 (SCK)";"SCK";"M3.3 (SCK), U1.24 (D18)"
"M4";"MAX Т2";"MAX31855";"4 (CS)";"CS2";"U1.30 (D23)"
"M4";"MAX Т2";"MAX31855";"5 (SO)";"SO";"M3.5 (SO), U1.25 (D19)"
"M5";"HLK логика";"HLK-PM01";"1 (+Vo)";"5V";"BZ1.1 (+), C1.1 (+), J4.1 (VS), J5.1 (VCC), J6.1 (VCC), U1.15 (VIN)"
"M5";"HLK логика";"HLK-PM01";"2 (-Vo)";"GND";"C1.2 (-), C2.2, C3.2 (-), J1.2 (GND), J2.2 (GND), J3.2 (GND), J4.2 (GND), J5.2 (GND), J6.2 (GND), J7.2 (GND), J8.2 (GND), J9.7 (GND), J10.2 (−), M1.2 (GND), M1.5 (ADDR), M2.6 (GND), M3.1 (GND), M4.1 (GND), M6.2 (-Vo), Q1.1, R6.2, R8.2, R10.2, U1.14 (GND), U1.17 (GND), U2.2, U3.2"
"M5";"HLK логика";"HLK-PM01";"3 (AC)";"AC_L1";"F1.2, RV1.1"
"M5";"HLK логика";"HLK-PM01";"4 (AC)";"AC_N";"J13.2, M6.4 (AC), RV1.2, RV2.2"
"M6";"HLK дисплей";"HLK-PM01";"1 (+Vo)";"5VD";"C3.1 (+), J8.1 (+5V)"
"M6";"HLK дисплей";"HLK-PM01";"2 (-Vo)";"GND";"C1.2 (-), C2.2, C3.2 (-), J1.2 (GND), J2.2 (GND), J3.2 (GND), J4.2 (GND), J5.2 (GND), J6.2 (GND), J7.2 (GND), J8.2 (GND), J9.7 (GND), J10.2 (−), M1.2 (GND), M1.5 (ADDR), M2.6 (GND), M3.1 (GND), M4.1 (GND), M5.2 (-Vo), Q1.1, R6.2, R8.2, R10.2, U1.14 (GND), U1.17 (GND), U2.2, U3.2"
"M6";"HLK дисплей";"HLK-PM01";"3 (AC)";"AC_L2";"F2.2, RV2.1"
"M6";"HLK дисплей";"HLK-PM01";"4 (AC)";"AC_N";"J13.2, M5.4 (AC), RV1.2, RV2.2"
"Q1";"S8050";"TO-92 (2,54)";"1";"GND";"C1.2 (-), C2.2, C3.2 (-), J1.2 (GND), J2.2 (GND), J3.2 (GND), J4.2 (GND), J5.2 (GND), J6.2 (GND), J7.2 (GND), J8.2 (GND), J9.7 (GND), J10.2 (−), M1.2 (GND), M1.5 (ADDR), M2.6 (GND), M3.1 (GND), M4.1 (GND), M5.2 (-Vo), M6.2 (-Vo), R6.2, R8.2, R10.2, U1.14 (GND), U1.17 (GND), U2.2, U3.2"
"Q1";"S8050";"TO-92 (2,54)";"2";"BZ_B";"R22.2"
"Q1";"S8050";"TO-92 (2,54)";"3";"BZ_C";"BZ1.2 (-)"
"R1";"150";"Резистор 0.25W, 10,16 мм";"1";"T1_IN";"U1.8 (D25)"
"R1";"150";"Резистор 0.25W, 10,16 мм";"2";"T1_LED";"U2.1"
"R2";"150";"Резистор 0.25W, 10,16 мм";"1";"T2_IN";"U1.9 (D26)"
"R2";"150";"Резистор 0.25W, 10,16 мм";"2";"T2_LED";"U3.1"
"R3";"330 1Вт";"Резистор 1W, 15,24 мм";"1";"T1_R";"U2.6"
"R3";"330 1Вт";"Резистор 1W, 15,24 мм";"2";"T1_MT2";"J11.1"
"R4";"330 1Вт";"Резистор 1W, 15,24 мм";"1";"T2_R";"U3.6"
"R4";"330 1Вт";"Резистор 1W, 15,24 мм";"2";"T2_MT2";"J12.1"
"R5";"10k";"Резистор 0.25W, 10,16 мм";"1";"ACS1";"J5.3 (OUT)"
"R5";"10k";"Резистор 0.25W, 10,16 мм";"2";"ACS1_D";"R6.1, U1.2 (VP)"
"R6";"18k";"Резистор 0.25W, 10,16 мм";"1";"ACS1_D";"R5.2, U1.2 (VP)"
"R6";"18k";"Резистор 0.25W, 10,16 мм";"2";"GND";"C1.2 (-), C2.2, C3.2 (-), J1.2 (GND), J2.2 (GND), J3.2 (GND), J4.2 (GND), J5.2 (GND), J6.2 (GND), J7.2 (GND), J8.2 (GND), J9.7 (GND), J10.2 (−), M1.2 (GND), M1.5 (ADDR), M2.6 (GND), M3.1 (GND), M4.1 (GND), M5.2 (-Vo), M6.2 (-Vo), Q1.1, R8.2, R10.2, U1.14 (GND), U1.17 (GND), U2.2, U3.2"
"R7";"10k";"Резистор 0.25W, 10,16 мм";"1";"ACS2";"J6.3 (OUT)"
"R7";"10k";"Резистор 0.25W, 10,16 мм";"2";"ACS2_D";"R8.1, U1.3 (VN)"
"R8";"18k";"Резистор 0.25W, 10,16 мм";"1";"ACS2_D";"R7.2, U1.3 (VN)"
"R8";"18k";"Резистор 0.25W, 10,16 мм";"2";"GND";"C1.2 (-), C2.2, C3.2 (-), J1.2 (GND), J2.2 (GND), J3.2 (GND), J4.2 (GND), J5.2 (GND), J6.2 (GND), J7.2 (GND), J8.2 (GND), J9.7 (GND), J10.2 (−), M1.2 (GND), M1.5 (ADDR), M2.6 (GND), M3.1 (GND), M4.1 (GND), M5.2 (-Vo), M6.2 (-Vo), Q1.1, R6.2, R10.2, U1.14 (GND), U1.17 (GND), U2.2, U3.2"
"R9";"10k";"Резистор 0.25W, 10,16 мм";"1";"MPX";"J4.3 (VOUT)"
"R9";"10k";"Резистор 0.25W, 10,16 мм";"2";"MPX_D";"M1.7 (A0), R10.1"
"R10";"18k";"Резистор 0.25W, 10,16 мм";"1";"MPX_D";"M1.7 (A0), R9.2"
"R10";"18k";"Резистор 0.25W, 10,16 мм";"2";"GND";"C1.2 (-), C2.2, C3.2 (-), J1.2 (GND), J2.2 (GND), J3.2 (GND), J4.2 (GND), J5.2 (GND), J6.2 (GND), J7.2 (GND), J8.2 (GND), J9.7 (GND), J10.2 (−), M1.2 (GND), M1.5 (ADDR), M2.6 (GND), M3.1 (GND), M4.1 (GND), M5.2 (-Vo), M6.2 (-Vo), Q1.1, R6.2, R8.2, U1.14 (GND), U1.17 (GND), U2.2, U3.2"
"R11";"4.7k";"Резистор 0.25W, 10,16 мм";"1";"3V3";"J1.1 (VCC), J2.1 (VDD), J3.1 (VDD), J7.1 (VCC), M1.1 (VDD), M2.5 (VCC), M3.2 (VCC), M4.2 (VCC), R12.1, R13.1, R14.1, R15.1, U1.16 (3V3)"
"R11";"4.7k";"Резистор 0.25W, 10,16 мм";"2";"SDA1";"J2.4 (SDA), M1.4 (SDA), M2.4 (SDA), U1.26 (D21)"
"R12";"4.7k";"Резистор 0.25W, 10,16 мм";"1";"3V3";"J1.1 (VCC), J2.1 (VDD), J3.1 (VDD), J7.1 (VCC), M1.1 (VDD), M2.5 (VCC), M3.2 (VCC), M4.2 (VCC), R11.1, R13.1, R14.1, R15.1, U1.16 (3V3)"
"R12";"4.7k";"Резистор 0.25W, 10,16 мм";"2";"SCL1";"J2.3 (SCL), M1.3 (SCL), M2.3 (SCL), U1.29 (D22)"
"R13";"4.7k";"Резистор 0.25W, 10,16 мм";"1";"3V3";"J1.1 (VCC), J2.1 (VDD), J3.1 (VDD), J7.1 (VCC), M1.1 (VDD), M2.5 (VCC), M3.2 (VCC), M4.2 (VCC), R11.1, R12.1, R14.1, R15.1, U1.16 (3V3)"
"R13";"4.7k";"Резистор 0.25W, 10,16 мм";"2";"SDA2";"J3.4 (SDA), U1.7 (D33)"
"R14";"4.7k";"Резистор 0.25W, 10,16 мм";"1";"3V3";"J1.1 (VCC), J2.1 (VDD), J3.1 (VDD), J7.1 (VCC), M1.1 (VDD), M2.5 (VCC), M3.2 (VCC), M4.2 (VCC), R11.1, R12.1, R13.1, R15.1, U1.16 (3V3)"
"R14";"4.7k";"Резистор 0.25W, 10,16 мм";"2";"SCL2";"J3.3 (SCL), U1.6 (D32)"
"R15";"10k";"Резистор 0.25W, 10,16 мм";"1";"3V3";"J1.1 (VCC), J2.1 (VDD), J3.1 (VDD), J7.1 (VCC), M1.1 (VDD), M2.5 (VCC), M3.2 (VCC), M4.2 (VCC), R11.1, R12.1, R13.1, R14.1, U1.16 (3V3)"
"R15";"10k";"Резистор 0.25W, 10,16 мм";"2";"BTN";"C2.1, R16.1, R17.1, R18.1, R19.1, R20.1, R21.1, U1.5 (D35)"
"R16";"100";"Резистор 0.25W, 10,16 мм";"1";"BTN";"C2.1, R15.2, R17.1, R18.1, R19.1, R20.1, R21.1, U1.5 (D35)"
"R16";"100";"Резистор 0.25W, 10,16 мм";"2";"K1";"J9.1 (K1)"
"R17";"1k";"Резистор 0.25W, 10,16 мм";"1";"BTN";"C2.1, R15.2, R16.1, R18.1, R19.1, R20.1, R21.1, U1.5 (D35)"
"R17";"1k";"Резистор 0.25W, 10,16 мм";"2";"K2";"J9.2 (K2)"
"R18";"2.2k";"Резистор 0.25W, 10,16 мм";"1";"BTN";"C2.1, R15.2, R16.1, R17.1, R19.1, R20.1, R21.1, U1.5 (D35)"
"R18";"2.2k";"Резистор 0.25W, 10,16 мм";"2";"K3";"J9.3 (K3)"
"R19";"3.9k";"Резистор 0.25W, 10,16 мм";"1";"BTN";"C2.1, R15.2, R16.1, R17.1, R18.1, R20.1, R21.1, U1.5 (D35)"
"R19";"3.9k";"Резистор 0.25W, 10,16 мм";"2";"K4";"J9.4 (K4)"
"R20";"6.8k";"Резистор 0.25W, 10,16 мм";"1";"BTN";"C2.1, R15.2, R16.1, R17.1, R18.1, R19.1, R21.1, U1.5 (D35)"
"R20";"6.8k";"Резистор 0.25W, 10,16 мм";"2";"K5";"J9.5 (K5)"
"R21";"15k";"Резистор 0.25W, 10,16 мм";"1";"BTN";"C2.1, R15.2, R16.1, R17.1, R18.1, R19.1, R20.1, U1.5 (D35)"
"R21";"15k";"Резистор 0.25W, 10,16 мм";"2";"K6";"J9.6 (K6)"
"R22";"1k";"Резистор 0.25W, 10,16 мм";"1";"BZ_IN";"U1.19 (D2)"
"R22";"1k";"Резистор 0.25W, 10,16 мм";"2";"BZ_B";"Q1.2"
"RV1";"471";"Варистор Ø14";"1";"AC_L1";"F1.2, M5.3 (AC)"
"RV1";"471";"Варистор Ø14";"2";"AC_N";"J13.2, M5.4 (AC), M6.4 (AC), RV2.2"
"RV2";"471";"Варистор Ø14";"1";"AC_L2";"F2.2, M6.3 (AC)"
"RV2";"471";"Варистор Ø14";"2";"AC_N";"J13.2, M5.4 (AC), M6.4 (AC), RV1.2"
"U1";"ESP32";"ESP32 DevKit 30";"1 (EN)";"";""
"U1";"ESP32";"ESP32 DevKit 30";"2 (VP)";"ACS1_D";"R5.2, R6.1"
"U1";"ESP32";"ESP32 DevKit 30";"3 (VN)";"ACS2_D";"R7.2, R8.1"
"U1";"ESP32";"ESP32 DevKit 30";"4 (D34)";"CUR";"J7.3 (OUT)"
"U1";"ESP32";"ESP32 DevKit 30";"5 (D35)";"BTN";"C2.1, R15.2, R16.1, R17.1, R18.1, R19.1, R20.1, R21.1"
"U1";"ESP32";"ESP32 DevKit 30";"6 (D32)";"SCL2";"J3.3 (SCL), R14.2"
"U1";"ESP32";"ESP32 DevKit 30";"7 (D33)";"SDA2";"J3.4 (SDA), R13.2"
"U1";"ESP32";"ESP32 DevKit 30";"8 (D25)";"T1_IN";"R1.1"
"U1";"ESP32";"ESP32 DevKit 30";"9 (D26)";"T2_IN";"R2.1"
"U1";"ESP32";"ESP32 DevKit 30";"10 (D27)";"V1";"J1.6 (CH3)"
"U1";"ESP32";"ESP32 DevKit 30";"11 (D14)";"V2";"J1.7 (CH4)"
"U1";"ESP32";"ESP32 DevKit 30";"12 (D12)";"";""
"U1";"ESP32";"ESP32 DevKit 30";"13 (D13)";"SSR";"J10.1 (+)"
"U1";"ESP32";"ESP32 DevKit 30";"14 (GND)";"GND";"C1.2 (-), C2.2, C3.2 (-), J1.2 (GND), J2.2 (GND), J3.2 (GND), J4.2 (GND), J5.2 (GND), J6.2 (GND), J7.2 (GND), J8.2 (GND), J9.7 (GND), J10.2 (−), M1.2 (GND), M1.5 (ADDR), M2.6 (GND), M3.1 (GND), M4.1 (GND), M5.2 (-Vo), M6.2 (-Vo), Q1.1, R6.2, R8.2, R10.2, U2.2, U3.2"
"U1";"ESP32";"ESP32 DevKit 30";"15 (VIN)";"5V";"BZ1.1 (+), C1.1 (+), J4.1 (VS), J5.1 (VCC), J6.1 (VCC), M5.1 (+Vo)"
"U1";"ESP32";"ESP32 DevKit 30";"30 (D23)";"CS2";"M4.4 (CS)"
"U1";"ESP32";"ESP32 DevKit 30";"29 (D22)";"SCL1";"J2.3 (SCL), M1.3 (SCL), M2.3 (SCL), R12.2"
"U1";"ESP32";"ESP32 DevKit 30";"28 (TX0)";"";""
"U1";"ESP32";"ESP32 DevKit 30";"27 (RX0)";"";""
"U1";"ESP32";"ESP32 DevKit 30";"26 (D21)";"SDA1";"J2.4 (SDA), M1.4 (SDA), M2.4 (SDA), R11.2"
"U1";"ESP32";"ESP32 DevKit 30";"25 (D19)";"SO";"M3.5 (SO), M4.5 (SO)"
"U1";"ESP32";"ESP32 DevKit 30";"24 (D18)";"SCK";"M3.3 (SCK), M4.3 (SCK)"
"U1";"ESP32";"ESP32 DevKit 30";"23 (D5)";"CS1";"M3.4 (CS)"
"U1";"ESP32";"ESP32 DevKit 30";"22 (TX2)";"TXD";"J8.3 (TX)"
"U1";"ESP32";"ESP32 DevKit 30";"21 (RX2)";"RXD";"J8.4 (RX)"
"U1";"ESP32";"ESP32 DevKit 30";"20 (D4)";"ZC";"J1.3 (ZC)"
"U1";"ESP32";"ESP32 DevKit 30";"19 (D2)";"BZ_IN";"R22.1"
"U1";"ESP32";"ESP32 DevKit 30";"18 (D15)";"";""
"U1";"ESP32";"ESP32 DevKit 30";"17 (GND)";"GND";"C1.2 (-), C2.2, C3.2 (-), J1.2 (GND), J2.2 (GND), J3.2 (GND), J4.2 (GND), J5.2 (GND), J6.2 (GND), J7.2 (GND), J8.2 (GND), J9.7 (GND), J10.2 (−), M1.2 (GND), M1.5 (ADDR), M2.6 (GND), M3.1 (GND), M4.1 (GND), M5.2 (-Vo), M6.2 (-Vo), Q1.1, R6.2, R8.2, R10.2, U2.2, U3.2"
"U1";"ESP32";"ESP32 DevKit 30";"16 (3V3)";"3V3";"J1.1 (VCC), J2.1 (VDD), J3.1 (VDD), J7.1 (VCC), M1.1 (VDD), M2.5 (VCC), M3.2 (VCC), M4.2 (VCC), R11.1, R12.1, R13.1, R14.1, R15.1"
"U2";"MOC Т1";"DIP-6";"1";"T1_LED";"R1.2"
"U2";"MOC Т1";"DIP-6";"2";"GND";"C1.2 (-), C2.2, C3.2 (-), J1.2 (GND), J2.2 (GND), J3.2 (GND), J4.2 (GND), J5.2 (GND), J6.2 (GND), J7.2 (GND), J8.2 (GND), J9.7 (GND), J10.2 (−), M1.2 (GND), M1.5 (ADDR), M2.6 (GND), M3.1 (GND), M4.1 (GND), M5.2 (-Vo), M6.2 (-Vo), Q1.1, R6.2, R8.2, R10.2, U1.14 (GND), U1.17 (GND), U3.2"
"U2";"MOC Т1";"DIP-6";"3";"";""
"U2";"MOC Т1";"DIP-6";"4";"T1_G";"J11.2"
"U2";"MOC Т1";"DIP-6";"5";"";""
"U2";"MOC Т1";"DIP-6";"6";"T1_R";"R3.1"
"U3";"MOC Т2";"DIP-6";"1";"T2_LED";"R2.2"
"U3";"MOC Т2";"DIP-6";"2";"GND";"C1.2 (-), C2.2, C3.2 (-), J1.2 (GND), J2.2 (GND), J3.2 (GND), J4.2 (GND), J5.2 (GND), J6.2 (GND), J7.2 (GND), J8.2 (GND), J9.7 (GND), J10.2 (−), M1.2 (GND), M1.5 (ADDR), M2.6 (GND), M3.1 (GND), M4.1 (GND), M5.2 (-Vo), M6.2 (-Vo), Q1.1, R6.2, R8.2, R10.2, U1.14 (GND), U1.17 (GND), U2.2"
"U3";"MOC Т2";"DIP-6";"3";"";""
"U3";"MOC Т2";"DIP-6";"4";"T2_G";"J12.2"
"U3";"MOC Т2";"DIP-6";"5";"";""
"U3";"MOC Т2";"DIP-6";"6";"T2_R";"R4.1"
