№;Позиции;Кол-во;Номинал;Корпус;Описание;Где стоит
1;A1;1;ESP32-WROOM-32E;ESP32-WROOM-32E;Модуль ESP32-WROOM-32E 4 МБ (антенна к краю платы);
2;B1;1;MPX5050DP;MPX5100DP;Датчик разрежения 0–50 кПа (NXP), трубка ко входу турбин;вход турбин
3;B2;1;SDP810-500Pa;Sensirion SDP810;Перепад давления на фильтре (трубки до и после фильтра);фильтр
4;B3;1;SDP810-125Pa;Sensirion SDP810;Расходомер: сопло Вентури на входе шланга в бак;расходомер
5;BA1;1;Зуммер 5 В;Зуммер Ø12, 6 мм;Зуммер электромагнитный без генератора 5 В, Ø12, на панели;
6;C1;1;470 мкФ 25 В;Электролит SMD 8×10.5;Накопительный конденсатор после моста;
7;C2;1;10 мкФ 35 В;1206;Вход преобразователя (X5R, 1206);
8;C3;1;100 нФ;0805;Вольтодобавка BST–SW;
9;C4, C5, C6;3;22 мкФ 10 В;1206;Конденсатор SMD 1206 (3216 метрич.), 3.2×1.6 мм;
10;C7, C13;2;1 мкФ;0603;Конденсатор SMD 0603 (1608 метрич.), 1.6×0.8 мм;
11;C8;1;10 мкФ;0805;Питание ESP32 3,3 В (у вывода 3V3);
12;C9, C11, C12;3;100 нФ;0603;Конденсатор SMD 0603 (1608 метрич.), 1.6×0.8 мм;
13;C10;1;10 мкФ;0603;Середина питания АЦП;
14;C14;1;10 нФ;0603;Фильтр датчика разрежения;
15;DA1;1;AP63205WU;AP63205/AP63203 (SOT-23-6);Понижающий преобразователь 3,8–32 В → 5 В, 2 А (SOT-23-6);
16;DA2;1;AMS1117-3.3;AMS1117 (SOT-223);Стабилизатор 3,3 В 1 А для ESP32;
17;FU1;1;T1A;Предохранитель TR5;Предохранитель 1 А (TR5, с задержкой): трансформатор и клапаны;
18;H1, H2, H3, H4;4;;Отверстие M3;Крепёжное отверстие M3;
19;HG1;1;OLED 0,96″;OLED 0,96″;Экран OLED 128×64 SSD1306 (I²C 0x3C) на панели;
20;L1;1;6,8 мкГн 1,5 А;CD54 5.8×5.8;Дроссель преобразователя (CD54);
21;M1, M2;2;1200 Вт;Турбина (коллекторный двигатель);Турбина пылесоса: коллекторный двигатель с вентилятором, 230 В, провода;
22;R1;1;47k;0805;Детектор нуля: от выпрямителя к базе;
23;R2, R3;2;10k;0805;Резистор SMD 0805 (2012 метрич.), 2×1.25 мм;
24;R4, R20, R21, R25, R26, R28;6;10k;0603;Резистор SMD 0603 (1608 метрич.), 1.6×0.8 мм;
25;R6, R7, R8, R9, R10;5;220;0603;Резистор SMD 0603 (1608 метрич.), 1.6×0.8 мм;
26;R11, R12, R13, R14, R15;5;360;2010;Резистор SMD 2010 (5025 метрич.), 5×2.5 мм;
27;R22, R23;2;82;0603;Резистор SMD 0603 (1608 метрич.), 1.6×0.8 мм;
28;R24;1;33;0603;Нагрузка ТТ3 (инструмент, до 16 А);
29;R27;1;6,8k;0603;Делитель датчика разрежения 4,7 → 2,8 В;
30;R29, R30, R31, R32;4;4,7k;0603;Резистор SMD 0603 (1608 метрич.), 1.6×0.8 мм;
31;R33;1;1k;0603;База ключа зуммера;
32;RK1, RK2;2;10k B3950;Термистор NTC на проводах;Термистор NTC 10 кОм B3950 в изолированной гильзе на корпусе двигателя (провода в изоляции на 230 В);M1
33;RU1;1;S07K275;Варистор Ø7;Варистор 275 В, Ø7: защита от выбросов сети;
34;SA1;1;EC11;Энкодер EC11;Энкодер с кнопкой на панели: мощность, меню;
35;SB3;1;Пуск/Стоп;Кнопка на панель Ø16;Кнопка «Пуск/Стоп» на панели;
36;SB4;1;Режим;Кнопка на панель Ø16;Кнопка «Режим» (ручной / авто от инструмента);
37;SB5;1;Продувка;Кнопка на панель Ø16;Кнопка «Продувка» фильтра;
38;TA1, TA2, TA3;3;ZMCT103C 1000:1;Трансформатор тока ZMCT103C;Трансформатор тока ZMCT103C 5 А : 5 мА (1000:1): провод нагрузки проходит через окно (P1→P2), обмотка S1–S2 — к плате;
39;TV1;1;230/9 В 2 ВА;Трансформатор EI30;Трансформатор 230 → 9 В, 2 ВА, на плату (Block VB 2,0/1/9, Myrra 44232 или аналог EI30);
40;U1, U2;2;MOC3023;MOC3021/3041/3063 (DIP-6);Оптосимистор MOC3021/3023 (случайная фаза) или MOC3041/3063 (переход через ноль): светодиод 1–2, симистор 4–6;
41;U3, U4, U5;3;MOC3063;MOC3021/3041/3063 (DIP-6);Оптосимистор MOC3021/3023 (случайная фаза) или MOC3041/3063 (переход через ноль): светодиод 1–2, симистор 4–6;
42;VD1;1;SS14;SMA;Диод Шоттки 1 А: развязка детектора нуля от накопительного конденсатора;
43;VD2;1;1N4148W;SOD-123;Диод на катушке зуммера;
44;VDS1;1;MB6S;Мост MBS (SOP-4);Диодный мост 0,5 А 600 В (SOP-4);
45;VS1, VS2;2;BT134W-600;BT134W / Z0107 (SOT-223, симистор);Маломощный симистор 1 А в SOT-223: BT134W-600, Z0107MN — T1 (MT1), T2 (MT2, и теплоотвод), управляющий электрод. Для клапанов, вентиляторов, ламп до ~200 Вт;
46;VS3, VS4, VS5;3;BTA41-600B;BTA41 на радиаторе;Симистор BTA41-600B (TOP3, 40 А) на общем радиаторе, изолированный корпус: T1 (MT1), T2 (MT2), G;
47;VT1, VT2;2;MMBT3904;MMBT3904/BC847/S8050 (SOT-23);Биполярные в SOT-23: MMBT3904/3906, BC847/857, MMBT2222A, S8050 (J3Y) — база, эмиттер, коллектор;
48;X1;1;Панель;Штыри 2×6;Экран OLED, энкодер, кнопки и зуммер на панели — плоский кабель 2×6 (IDC). Верхний ряд — сигналы от ESP32, нижний — кнопки, зуммер и питание;
49;X2;1;Фильтр;JST PH 4;Датчик перепада на фильтре SDP810-500Pa (шина I²C 0), JST PH: GND, 3V3, SCL, SDA;
50;X3;1;Расход;JST PH 4;Расходомер SDP810-125Pa (шина I²C 1), JST PH: GND, 3V3, SCL, SDA;
51;X4;1;Датчики;JST PH 7;Трансформаторы тока (общий VMID, ТТ1, ТТ2, ТТ3) и термисторы двигателей (NTC1, NTC2, GND), JST PH;
52;X6;1;Прошивка;Штыри 1×5;Разъём прошивки 1×5 к переходнику USB-UART 3,3 В: IO0, RXD, TXD, 3V3, GND (TX переходника — к RXD, RX — к TXD). Прошивка: перемычка IO0–GND, включить питание переходника, загрузить, снять перемычку и перевключить;
53;XP1;1;3×1,5 мм²;Сетевой шнур с вилкой;Сетевой шнур с вилкой;
54;XS1;1;16 А;Розетка для инструмента;Розетка для инструмента (автозапуск пылесоса);
55;XT1;1;Сеть;Клеммник 2, 5,08;Клеммник сети 230 В: L, N;
56;XT2;1;Клапаны;Клеммник 3, 5,08;Клеммник клапанов продувки: Y1, Y2, N;
57;XT3;1;Симисторы;Клеммник 6, 5,08;Клеммник к симисторам BTA41 на радиаторе: T2 и G турбин 1, 2 и розетки;
58;YA1, YA2;2;230 В ~;Электромагнитный клапан 230 В;Клапан продувки фильтра, 230 В ~, нормально закрытый, 1/2″;
