№;Позиции;Кол-во;Номинал;Корпус;Описание;Где стоит;Камера;Объём
1;A1;1;ESP32-S3-DevKitC-1 N16R8;ESP32-S3 DevKitC-1;"Плата ESP32-S3 N16R8 (16 МБ flash, 8 МБ PSRAM) с двумя USB-C, ряды через 25,4 мм — на гнёздах 1×22; ниже её разъёмов USB — место под штекер. IO35–IO37 заняты памятью, не используются. Питание — 5 В на вывод 5V, 3,3 В для датчиков — с её вывода 3V3. Цветной светодиод платы на IO48 (v1.0) или IO38 (v1.1) мигает от детектора нуля или ШИМ турбины — это нормально";;;
2;B1;1;MPX5100DP;MPX5100DP;"Датчик разрежения 0–100 кПа (NXP), трубка ко входу турбин; выход 0,2–4,7 В";вход турбин;;
3;B2;1;SDP810-500Pa;Sensirion SDP810;Перепад давления на фильтре, I²C 0x25;фильтр;3 л;
4;B3;1;SDP811-125Pa;Sensirion SDP810;Расходомер (сопло Вентури на входе шланга), I²C 0x26;расходомер;;
5;BA1;1;Зуммер 5 В;Зуммер Ø12, 6 мм;Зуммер без генератора 5 В на пульте;;;
6;C1;1;4700 мкФ 25 В;Электролит Ø16;Накопитель после моста, Ø16, шаг 7,5;;;
7;C2, C6;2;100 мкФ 25 В;Электролит Ø6.3;Электролитический конденсатор Ø6.3 мм, шаг 2,5 мм, плюс — вывод 1;;;
8;C3, C5, C24, C25;4;100 нФ;Диск Ø5, 2,5;Керамический дисковый конденсатор Ø5 мм, толщина 2.5 мм, шаг 2,5 мм;;;
9;C4, C23;2;10 мкФ 25 В;Электролит Ø5;Электролитический конденсатор Ø5 мм, шаг 2 мм, плюс — вывод 1;;;
10;C13, C40;2;1 мкФ;Диск Ø6, 5;Керамический дисковый конденсатор Ø6 мм, толщина 2.5 мм, шаг 5 мм;;;
11;C14, C17, C18, C20, C21, C22;6;10 нФ;Диск Ø5, 2,5;Керамический дисковый конденсатор Ø5 мм, толщина 2.5 мм, шаг 2,5 мм;;;
12;C41, C42;2;1 нФ;Диск Ø5, 2,5;Керамический дисковый конденсатор Ø5 мм, толщина 2.5 мм, шаг 2,5 мм;;;
13;CX1;1;0,1 мкФ X2;X2 15 мм;Конденсатор X2 275 В ~, шаг 15 мм: помехи двигателей и реле;;;
14;DA1;1;MP1584 (модуль);Модуль MP1584 на проводах;Понижающий модуль MP1584 с клеммами: вход — XT4, выход — XT5, выставить 5,0 В до подключения;;;
15;DD1;1;PCA9555 (платка);PCA9555 на платке 800 mil;Расширитель PCA9555/TCA9555 на платке 800 mil (I²C 0x20): кнопки пульта, кнопка энкодера, поплавок, сброс экрана, касание, светодиод. Питание 3,3 В. Перемычки адреса на платке A0–A2 — в L (или не запаяны: на плате они подтянуты к земле);;;
16;E0;1;Электрод общий;Электрод уровня воды;Электрод на дне бака: общий;бак, дно;;30 л
17;E1;1;Электрод уровня;Электрод уровня воды;Электрод уровня: вода дошла — турбины стоп;бак, уровень;;
18;E2;1;Электрод перелива;Электрод уровня воды;Электрод перелива: авария;бак, перелив;;
19;FU1;1;T0,25A;Держатель 5×20;Предохранитель 5×20 0,25 А с задержкой в держателях на плату: первичная обмотка трансформатора;;;
20;H1, H2, H3, H4;4;;Отверстие M3;Крепёжное отверстие M3;;;
21;HG1;1;ILI9488 3,5″;Экран 3,5″ ILI9488 SPI с касанием;Экран 3,5″ 480×320 ILI9488 с касанием XPT2046 — к X2 кабелем 14 проводов;;;
22;HG2;1;Пульт Bluetooth;Беспроводной пульт Bluetooth;По желанию: ручной пульт на ESP32-C3 (firmware/vacuum-remote) — привязка «remote pair»;;;
23;HG3;1;Метка на инструмент;Метка на инструмент Bluetooth;По желанию: метка на аккумуляторный инструмент (ESP32-C3 + LIS3DH, firmware/vacuum-tag) — привязка «ble pair»;;;
24;HL1;1;зелёный;LED 3 мм;Светодиод состояния 3 мм: мигает — работа, часто — неисправность;;;
25;K1, K2, K3;3;SLA-05VDC 30 А;Модуль реле 30 А;Модуль реле 30 А с катушкой 5 В и оптроном (SLA-05VDC-SL-C): управление DC+, DC−, IN (перемычка — на L: включается замыканием IN на землю), контакты COM/NO/NC — 230 В;;;
26;M1, M2;2;Domel 1600 Вт;Турбина (коллекторный двигатель);Турбина пылесоса: коллекторный двигатель с вентилятором, 230 В, провода;;;
27;QF1;1;C16;Автомат 1P C16;Автомат 1P C16: линия розетки инструмента;;;
28;R1;1;47k;Резистор 0.25W, 7,62 мм;Детектор нуля: от выпрямителя к базе;;;
29;R2, R3, R23, R24, R25, R26, R28, R31, R32, R33, R34, R35, R38, R61, R63;15;10k;Резистор 0.25W, 7,62 мм;Резистор 0.25W с осевыми выводами, корпус 6.3×2.5 мм, шаг 7,62 мм;;;
30;R20, R21, R22, R36, R37, R40, R50, R52, R54, R56, R58;11;1k;Резистор 0.25W, 7,62 мм;Резистор 0.25W с осевыми выводами, корпус 6.3×2.5 мм, шаг 7,62 мм;;;
31;R27;1;6,8k;Резистор 0.25W, 7,62 мм;Делитель датчика разрежения 4,7 → 2,8 В;;;
32;R29, R30;2;4,7k;Резистор 0.25W, 7,62 мм;Резистор 0.25W с осевыми выводами, корпус 6.3×2.5 мм, шаг 7,62 мм;;;
33;R41, R42, R43, R44, R51, R53, R55, R57, R59;9;100k;Резистор 0.25W, 7,62 мм;Резистор 0.25W с осевыми выводами, корпус 6.3×2.5 мм, шаг 7,62 мм;;;
34;R60, R62;2;100;Резистор 0.25W, 7,62 мм;Резистор 0.25W с осевыми выводами, корпус 6.3×2.5 мм, шаг 7,62 мм;;;
35;RK1, RK2;2;10k B3950;Термистор NTC на проводах;Термистор NTC 10 кОм B3950 в изолированной гильзе на корпусе двигателя (провода в изоляции на 230 В);M1;;
36;RU1;1;S10K275;Варистор Ø10;Варистор 275 В, Ø10 (10D431K): выбросы сети;;;
37;RU2, RU3;2;S10K275;Варистор на проводах;Варистор S10K275 на выводах катушки магнита (гасит выброс при отключении);;;
38;SA1;1;2P 25 А;Выключатель сети 2P 16 А;Выключатель «Сеть» на корпусе: полное отключение фазы и нуля;;;
39;SA2;1;EC11;Энкодер EC11;Энкодер с кнопкой на пульте;;;
40;SB1;1;Кнопка 1;Кнопка на панель Ø19;Кнопка 1 у экрана;;;
41;SB2;1;Кнопка 2;Кнопка на панель Ø19;Кнопка 2 у экрана;;;
42;SB3;1;Кнопка 3;Кнопка на панель Ø19;Кнопка 3 у экрана;;;
43;SB4;1;Кнопка 4;Кнопка на панель Ø19;Кнопка 4 у экрана;;;
44;SB5;1;Кнопка 5;Кнопка на панель Ø19;Кнопка 5 у экрана;;;
45;SB6;1;Кнопка 6;Кнопка на панель Ø19;Кнопка 6 у экрана;;;
46;SB7;1;Турбина 1;Кнопка на панель Ø19;Кнопка «Турбина 1»;;;
47;SB8;1;Турбина 2;Кнопка на панель Ø19;Кнопка «Турбина 2»;;;
48;SB9;1;Выкл;Кнопка на панель Ø19;Кнопка «Выкл»;;;
49;SL1;1;Поплавок;Поплавковый выключатель;Поплавковый выключатель в баке;;;
50;TA1, TA2;2;SCT-013-020;Трансформатор тока SCT-013 (выход 1 В);"Разъёмный трансформатор тока SCT-013-020/030 со встроенной нагрузкой: 1 В действующего на 20 или 30 А; провод нагрузки — через окно, один";;;
51;TA3;1;SCT-013-030;Трансформатор тока SCT-013 (выход 1 В);Ток инструмента: фазный провод розетки — через окно;;;
52;TV1;1;230/9 В 15–20 ВА;Трансформатор на корпус;Трансформатор 230 → 9 В, 15–20 ВА, на шасси: первичная — к XT2, вторичная — к XT3;;;
53;U1, U2;2;МР248;Регулятор мощности МР248;"Симисторный регулятор мощности МР248 (Мастер Кит), 230 В до 8 кВт: питание +VCC/GND 3,3–5 В от контроллера, вход «управление» 0…VCC (ШИМ) → мощность 0–100 %; клеммы «~220 В» и «нагрузка»";;;
54;U3;1;G3MB-202P ×2;Твердотельное реле G3MB, 2 канала;"Модуль твердотельных реле на 2 канала: управление — X13, выходы — фаза на магниты клапанов (под током всё время, пока есть разрежение; удар — снять ток)";;;
55;VD1;1;1N5822;DO-201;Диод Шоттки 3 А 40 В: после него накопитель, до него — пульсирующее напряжение для детектора нуля;;;
56;VD2;1;1N4148;DO-35;Диод на катушке зуммера;;;
57;VDS1;1;KBP310;Мост KBP;Диодный мост KBP310 (3 А 1000 В): выводы + ~ ~ −, шаг 3,8 мм;;;
58;VT1, VT2, VT3, VT4, VT5, VT6, VT7;7;SS8050;S8050 (TO-92, широкий шаг);NPN S8050/2N2222/BC337 в TO-92 с выводами, разведёнными на 2,54 мм — удобно для ЛУТ: 1 — эмиттер, 2 — база, 3 — коллектор (сверить с корпусом: у BC337 и 2N2222 порядок бывает другим);;;
59;X1;1;Пульт;IDC 2×10;Пульт — плоский кабель 2×10 (IDC), порядок как у платы пульта: 1–2 — 5 В, 3–4, 7 — земля, 5 — TX контроллера, 6 — RX, 8 — зуммер, 9–10 — энкодер, 11–16 — кнопки 1–6, 17–18 — «Турбина 1/2», 19 — «Выкл», 20 — кнопка энкодера;;;
60;X2;1;Экран ILI9488;Штыри 1×14;Штыри 1×14 к экрану 3,5″ ILI9488 SPI с касанием (порядок как у экрана): 1 VCC 5 В, 2 GND, 3 CS, 4 RESET, 5 DC, 6 SDI, 7 SCK, 8 LED (3,3 В), 9 SDO — не подключён (мешает касанию на общей шине), 10 T_CLK, 11 T_CS, 12 T_DIN, 13 T_DO, 14 T_IRQ. Кабель — не длиннее 15–20 см;;;
61;X10;1;Реле турбины 1;Клеммник 3, 3,5;К модулю реле 30 А турбины 1 (K1): DC+, DC−, IN. Перемычка модуля — L (включается замыканием IN на землю);;;
62;X11;1;Реле турбины 2;Клеммник 3, 3,5;"К модулю реле 30 А турбины 2 (K2): DC+, DC−, IN; перемычка — L";;;
63;X12;1;Реле розетки;Клеммник 3, 3,5;"К модулю реле 30 А розетки инструмента (K3): DC+, DC−, IN; перемычка — L";;;
64;X13;1;SSR клапанов;Клеммник 4, 3,5;К модулю твердотельных реле G3MB на 2 канала: DC+, DC−, CH1 (клапан 1), CH2 (клапан 2) — включение низким уровнем;;;
65;X14;1;МР248 турбины 1;Клеммник 3, 3,5;К регулятору МР248 турбины 1: +VCC 3,3 В, GND, «управление» (ШИМ 0–3,3 В → 0–100 %);;;
66;X15;1;МР248 турбины 2;Клеммник 3, 3,5;К регулятору МР248 турбины 2: +VCC 3,3 В, GND, «управление»;;;
67;X20;1;Ток: ТТ1 ТТ2 ТТ3;Клеммник 6, 3,5;"Трансформаторы тока SCT-013 (провода обрезаны, облужены): ТТ1 — турбина 1 (020: 20 А/1 В), ТТ2 — турбина 2 (020), ТТ3 — розетка (030: 30 А/1 В); у каждого — сигнал и середина 1,65 В";;;
68;X21;1;Термисторы;Клеммник 4, 3,5;Термисторы NTC 10 кОм B3950 на двигателях: NTC1 и земля, NTC2 и земля;;;
69;X22;1;Бак: E1 E0 E2;Клеммник 3, 3,5;Электроды бака: E1 — уровень (турбины стоп), E0 — общий (внизу), E2 — перелив (авария);;;
70;X23;1;Поплавок;Клеммник 2, 3,5;Поплавковый выключатель бака (резерв к электродам): контакт и земля;;;
71;X24;1;SDP810 перепад;Клеммник 4, 3,5;Датчик перепада на фильтре SDP810-500Pa (I²C 0x25): 3,3 В, земля, SCL, SDA;;;
72;X25;1;SDP811 расход;Клеммник 4, 3,5;Расходомер SDP811-125Pa (I²C 0x26, та же шина): 3,3 В, земля, SCL, SDA;;;
73;XP1;1;КГ 3×4 мм²;Сетевой шнур с вилкой;Сетевой кабель КГ 3×4 мм² с силовой вилкой — к розетке с автоматом 25 А;;;
74;XS1;1;16 А;Силовая розетка инструмента;Розетка инструмента на корпусе;;;
75;XT1;1;Сеть 230 В;Клеммник 2, 5;"Клеммник сети 230 В (после выключателя SA1): фаза и ноль — только на трансформатор питания; турбины, розетка и клапаны подключены к сети своими проводами";;;
76;XT2;1;~230 В на TV1;Клеммник 2, 5;Клеммник первичной обмотки трансформатора TV1 (после предохранителя);;;
77;XT3;1;~9 В с TV1;Клеммник 2, 5;Клеммник вторичной обмотки трансформатора TV1 (9 В);;;
78;XT4;1;MP1584: вход;Клеммник 2, 5;К входу модуля MP1584 (IN+, IN−): 11–14 В с накопителя;;;
79;XT5;1;MP1584: выход 5 В;Клеммник 2, 5;С выхода модуля MP1584 (OUT+, OUT−): 5,0 В — выставить подстроечником до подключения;;;
80;YV1, YV2;2;150 Н, 230 В;Тарельчатый клапан с магнитом 230 В;"Тарельчатый клапан продувки фильтра (как Kärcher Tact): тарелка Ø90 с якорем, удерживающий магнит 230 В ~ держит её против разрежения, пока под током; без тока тарелку вталкивает разрежение, закрывают три пружины";;;
